1001|1|"vt1_Espoo_Nupuri_1"
1002|2|"kt51_Hki_Lapinlahti_1"
1003|3|"st110_Vihti_Myllylampi_R"
1004|4|"vt4_Helsinki_Jakomäki_1"
1005|5|"vt4_Kerava_Kytömaa_1"
1006|6|"vt7_Loviisa_Koskenkylä_1"
1007|7|"vt2_Lohja_Salkola_Opt"
1008|8|"OLD_vt3_Keimola"
1009|9|"vt4_Mäntsälä_Ohkola_1"
1010|10|"vt4_Mäntsälä_Levanto_1"
1011|11|"vt7_Sipoonlahti_1"
1012|12|"kt51_Espoo_Kivenlahti_1"
1013|13|"kt51_Inkoo_Innanbäck_R"
1014|14|"vt25_Hanko_R"
1015|15|"vt25_Raasepori_Karjaa_R"
1016|16|"vt25_Lohja_Virkkala_1"
1017|17|"vt25_Vihti_Haimoo_Opt"
1018|18|"vt25_Hyvinkää_Kirvunkylä_1"
1019|19|"vt7_Porvoo_Ernestas_1"
1020|20|"vt3_Nurmijärvi_Karhunkorpi_1"
1021|21|"kt55_Askola_Monninkylä_R"
1022|22|"vt7_Loviisa_1"
1023|23|"OLD_vt1_Saukkola_R"
1024|24|"OLD_vt1_Sokialampi_R"
1025|25|"OLD_vt1_Koikkala_R"
1026|26|"OLD_vt1_Röylä_R"
1027|27|"OLD_vt1_Hiidenkansi_R"
1028|28|"OLD_vt1_Hiidenmäki_R"
1029|29|"OLD_vt1_Hyrsylän_suora_R"
1030|30|"st110_Lohja_Hyrsylän_mutka_R"
1031|31|"OLD_vt1_Sysimetsä_R"
1032|32|"st110_Lohja_Oinola_R"
1033|33|"OLD_vt1_Leppäkorpi_R"
1034|34|"vt3_Helsinki_Pirkkola_1"
1035|35|"kt50_Vantaa_Askisto_1"
1036|36|"kt45_Vantaa_Ilola_1"
1037|37|"vt6_Lapinjärvi_1"
1038|38|"OLD_vt1_Leppäkorpi_O"
1039|39|"OLD_vt1_Oinola_O"
1040|40|"OLD_st110_Hyrsylän_mutka_O"
1042|42|"kt45_Tuusula_Terrisuo_R"
1043|43|"vt1_Vihti_Palojärvi_1"
1044|44|"vt1_Vihti_Palojärvi_2"
1045|45|"kt51_Hki_Vaskisalmi_1"
1046|46|"kt51_Hki_Vaskisalmi_2"
1047|47|"kt51_Espoo_Karhusaari_1"
1048|48|"kt51_Espoo_Karhusaari_2"
1049|49|"Vantaa_Hakkila_R"
1050|50|"vt3_Vantaa_Keimola_2"
1051|51|"kt51_Kirkkonummi_Vuohimäki_1"
1052|52|"vt2_Karkkila_Korpi_R"
1053|53|"vt25_Tammisaari_Trollböle_1"
1054|54|"vt25_Mäntsälä_Keravanjärvi_R"
1055|55|"st101_Espoo_Turvesuo_R"
1056|56|"vt3_Helsinki_Pirkkola_2"
1057|57|"kt50_Vantaa_Askisto_2"
1058|58|"kt45_Vantaa_Ilola_2"
1059|59|"st167_Myrskylä_Hallila_R"
1060|60|"vt1_Espoo_Nupuri_Opt21"
1061|61|"vt3_Helsinki_Pirkkola_Opt1"
1062|62|"kt51_Hki_Vaskisalmi_Opt2"
1063|63|"vt3_Vantaa_Keimola_Opt1"
1064|64|"kt51_Espoo_Kivenlahti_Opt1"
1065|65|"vt1_Espoo_Kolmiranta_1"
1066|66|"vt1_Lohja_Lehmijärvi_1"
1067|67|"vt4_Helsinki_Jakomäki_Opt2"
1068|68|"vt4_Mäntsälä_Levanto_Opt2"
1069|69|"vt25_Hyvinkää_Kirvunkylä_Opt2"
1070|70|"vt6_Lapinjärvi_Kimonkylä_1"
1071|71|"st103_Helsinki_Satamatie_etelä_R"
1072|72|"st103_Hki_Vuosaaren_tunneli_R"
1073|73|"st103_Helsinki_Satamatie_pohj_R"
1074|74|"vt25_Vihti_Nummela_Opt"
1075|75|"vt25_Hanko_Opt"
1076|76|"vt25_Raasepori_Karjaa_Opt"
1077|77|"OLD_vt7_Loviisa_Opt"
1078|78|"kt51_Kirkkonummi_Vuohimäki_Opt1"
1079|79|"vt1_Lohja_Lehmijärvi_Opt11"
1080|80|"vt6_Lapinjärvi_Kimonkylä_Opt2"
1081|81|"vt1_Vihti_Palojärvi_Opt21"
1082|82|"vt4_Kerava_Kytömaa_Opt1"
1083|83|"vt7_Sipoonlahti_Opt1"
1084|84|"OLD_kt50_Vantaa_Suutarila_1"
1085|85|"kt50_Vantaa_Suutarila_Opt1"
1086|86|"st120_Vihti_Ollila_Opt"
1087|87|"yt1282_Lohja_Ikkala_R"
1088|88|"yt1282_Lohja_Ikkala_Opt"
1089|89|"vt1_Espoo_Kolmiranta_2"
1090|90|"st101_Espoo_Turvesuo_O"
1091|91|"vt1_Lohja_Lehmijärvi_2"
1092|92|"st101_Espoo_Mestarintunneli_R"
1093|93|"st101_Espoo_Mestarintunneli_O1"
1094|94|"st101_Espoo_Mestarintunneli_O2"
1095|95|"st101_Espoo_Mestarintunneli_O3"
1096|96|"st101_Espoo_Vallikallio_R"
1097|97|"st101_Espoo_Vallikallio_O"
1098|98|"st101_Espoo_Vallikallio_Opt1"
1099|99|"st101_Espoo_Vallikallio_Opt2"
1100|100|"vt25_Tammisaari_Trollböle_Opt2"
1101|101|"vt7_Loviisa_2"
1102|102|"OLD_vt7_Loviisa_O2"
1103|103|"vt7_Loviisa_Opt1"
1104|104|"vt7_Loviisa_Opt2"
1105|105|"vt7_Loviisa_Koskenkylä_2"
1106|106|"vt7_Loviisa_Koskenkylä_Opt1"
1107|107|"vt7_Loviisa_Koskenkylä_Opt2"
1108|108|"vt7_Loviisa_Markkinamäki_1"
1109|109|"vt7_Loviisa_Markkinamäki_2"
1110|110|"vt7_Loviisa_Markkinamäki_Opt1"
1111|111|"vt7_Loviisa_Markkinamäki_Opt2"
1112|112|"st103_Helsinki_Satamatie_etelä_O"
1113|113|"st103_Hki_Vuosaaren_tunneli_O"
1114|114|"st103_Helsinki_Satamatie_pohj_O"
1115|115|"vt7_Helsinki_Itäsalmi_1"
1116|116|"vt7_Sipoo_Box_1"
1117|841|"st148_Sipoo_B"
1118|881|"vt7_Sipoonlahti_2"
1119|861|"vt7_Sipoonlahti_Opt2"
1120|882|"vt7_Helsinki_Itäsalmi_2"
1121|883|"vt7_Porvoo_Ernestas_Opt1"
1122|862|"vt7_Helsinki_Itäsalmi_Opt1"
1123|863|"vt7_Helsinki_Itäsalmi_Opt2"
1124|864|"vt7_Sipoo_Box_2"
1125|884|"vt7_Sipoo_Box_Opt1"
1126|865|"vt7_Sipoo_Box_Opt2"
1127|1004|"vt4_Mäntsälä_Ohkola_Opt2"
1128|985|"kt45_Vantaa_Ilola_Opt"
1129|1005|"vt3_Vantaa_Keimola_Opt2"
1130|1006|"kt51_Espoo_Karhusaari_Opt1"
1131|1081|"vt7_Porvoo_Ernestas_2"
1132|1082|"vt7_Porvoo_Ernestas_Opt2"
1133|1101|"kt51_Espoo_Kivenlahti_2"
1134|1102|"kt51_Espoo_Kivenlahti_Opt2"
1135|1121|"vt4_Kerava_Kytömaa_2"
1136|1162|"st148_Sipoo_B2"
1137|1183|"vt3_Helsinki_Pirkkola_Opt2"
1138|1263|"vt25_Lohja_Virkkala_Opt2"
1139|1303|"kt51_Hki_Lapinlahti_Opt1"
1140|1304|"kt51_Hki_Lapinlahti_Opt2"
1141|1323|"kt50_Vantaa_Askisto_Opt2"
1142|1463|"st167_Myrskylä_Hallila_Opt"
1143|1583|"kt55_Askola_Monninkylä_Opt"
1144|1584|"vt2_Karkkila_Korpi_Opt"
1145|1566|"kt45_Tuusula_Terrisuo_Opt"
1146|1567|"kt51_Inkoo_Innanbäck_Opt"
1147|1703|"vt3_Nurmijärvi_Karhunkorpi_Opt1"
1148|1803|"vt1_Espoo_Kolmiranta_Opt21"
1149|1823|"vt1_Lohja_Lehmijärvi_Opt21"
1150|1824|"vt6_Lapinjärvi_Opt2"
1151|1883|"vt3_Nurmijärvi_Karhunkorpi_2"
1152|1903|"vt3_Nurmijärvi_Karhunkorpi_Opt2"
1153|2086|"vt1_Espoo_Nupuri_2"
1154|2087|"vt1_Espoo_Nupuri_Opt11"
1155|2066|"vt1_Espoo_Nupuri_Opt12"
1156|2088|"vt1_Espoo_Nupuri_Opt22"
1157|2089|"vt1_Espoo_Kolmiranta_Opt11"
1158|2090|"vt1_Espoo_Kolmiranta_Opt12"
1159|2091|"vt1_Espoo_Kolmiranta_Opt22"
1160|2092|"vt1_Vihti_Palojärvi_Opt11"
1161|2093|"vt1_Vihti_Palojärvi_Opt12"
1162|2094|"vt1_Vihti_Palojärvi_Opt22"
1163|2067|"vt1_Lohja_Lehmijärvi_Opt12"
1164|2068|"vt1_Lohja_Lehmijärvi_Opt22"
1901|117|"OLD_kt50_Luminanssiasema"
2001|118|"OLD_vt1_Kurjenmäki"
2002|119|"vt8_Pyhäranta_Ihode_1"
2003|120|"vt8_Eurajoki_Pinkjärvi_1"
2004|121|"st110_Salo_Tupuri_R"
2005|122|"OLD_vt1_Hintanmäki"
2006|123|"vt2_Kokemäki_Seppälänahde_R"
2007|124|"vt3_Ikaalinen_Teikangas_R"
2008|125|"vt8_Mynämäki_Motelli_1"
2009|126|"vt8_Pori_Ahlainen_1"
2010|127|"vt3_Parkano_Lamminkoski_R"
2011|128|"vt9_Loimaa_Mellilä_1"
2012|129|"vt10_Koski_Tl_1"
2013|130|"vt11_Ulvila_Sääkskoski_R"
2014|131|"vt23_Kankaanpää_Hapua_1"
2015|132|"kt40_Lieto_Auranlaakso_1"
2016|133|"kt41_Huittinen_Jokisivu_R"
2017|134|"vt12_Sastamala_Kärppälä_R"
2018|135|"kt52_Salo_Perniö_R"
2019|136|"st180_Parainen_R"
2020|137|"vt2_Pori_Kähkönen_1"
2021|138|"OLD_yt12263_Masku_Vanha_R"
2022|139|"st192_Vehmaa_Vehmassalmi_R"
2023|140|"st183_Kemiönsaari_Taalintehdas_R"
2024|141|"OLD_vt1_Hepojoki"
2025|142|"kt43_Uusikaupunki_Kalanti_R"
2026|143|"vt8_Merikarvia_Kuvaskangas_1"
2027|144|"vt9_Aura_Järvenoja_1"
2028|145|"vt10_Lieto_Yliskulma_1"
2029|146|"vt12_Eura_R"
2030|147|"kt40_Turku_Kärsämäki_1"
2031|148|"vt9_Turku_Kärsämäki_2"
2032|149|"st110_Salo_Korvenpää_R"
2033|150|"st110_Paimio_Kevola_R"
2034|151|"st180_Parainen_Nauvo_R"
2035|152|"vt1_Turku_Kupittaa_R"
2036|153|"vt1_Turku_Kupittaa_O"
2037|154|"vt1_Kaarina_Hiiskanmäki_1"
2038|155|"vt1_Kaarina_Hiiskanmäki_2"
2039|156|"vt1_Kaarina_Piikkiö_S_1"
2040|157|"vt1_Kaarina_Piikkiö_S_2"
2041|158|"vt1_Paimio_Valkoja_1"
2042|159|"vt1_Paimio_Valkoja_2"
2043|160|"vt1_Paimio_Pitkäporras_1"
2044|161|"vt1_Paimio_Pitkäporras_2"
2045|162|"vt1_Salo_Hajala_1"
2046|163|"vt1_Salo_Hajala_2"
2047|164|"vt1_Salo_Halikko_1"
2048|165|"vt1_Salo_Halikko_2"
2049|166|"vt1_Salo_Haukkala_1"
2050|167|"vt1_Salo_Haukkala_2"
2051|168|"OLD_Åland_Mockelo"
2052|169|"Åland_Eckerö_K"
2053|170|"OLD_Åland_Finnby"
2054|171|"Åland_Åva_K"
2055|172|"OLD_vt1_Isokylän_Tun_R"
2056|173|"OLD_vt1_Isokylän_Tun_O1"
2057|174|"OLD_vt1_Isokylän_Tun_O2"
2058|175|"OLD_vt1_Isokylän_Tun_O3"
2059|176|"vt1_Salo_Muurla_1"
2060|177|"vt1_Salo_Muurla_2"
2061|178|"st110_Salo_Kettulanmäki_R"
2062|179|"st110_Salo_Kolmperä_R"
2063|180|"st110_Salo_Aneriojärvi_R"
2064|181|"OLD_vt1_Rusko_R"
2065|182|"st110_Salo_Valkjärvi_R"
2066|183|"OLD_vt1_Vähä-Rytkö_R"
2072|184|"OLD_vt1_Kitula_O"
2078|185|"OLD_vt1_Kettulanmäki_R"
2079|186|"OLD_vt1_Aneriojärvi_R"
2080|187|"OLD_vt1_Saha_R"
2081|188|"OLD_vt1_Vähä-Rytkö_R"
2082|189|"OLD_vt1_Isokylän_Tun_O4"
2083|190|"OLD_vt1_Isokylän_Tun_O5"
2084|191|"OLD_vt1_Isokylän_Tun_O6"
2085|192|"OLD_vt1_Paimio_O2"
2086|193|"OLD_vt1_Isokylän_Tun_Opt"
2087|194|"vt10_Lieto_Vierunkoski_R"
2088|195|"st180_Kaarina_Kirjalansalmi_R"
2089|196|"vt10_Lieto_Vierunkoski_Opt_12"
2090|197|"vt8_Rauma_Luostarinkylä_Opt1"
2091|198|"vt2_Kokemäki_Seppälänahde_Opt"
2092|199|"vt2_Pori_Kähkönen_Opt1"
2093|200|"OLD_yt12263_Masku_vanha_Opt"
2094|201|"vt1_Kaarina_Hiiskanmäki_Opt1"
2095|982|"kt40_Lieto_Auranlaakso_Opt"
2096|1001|"vt9_Turku_Kärsämäki_Opt"
2097|983|"vt8_Masku_Humikkala_1"
2098|984|"vt8_Masku_Humikkala_2"
2099|1003|"vt8_Masku_Humikkala_Opt1"
2100|1002|"vt8_Masku_Humikkala_Opt2"
2101|1343|"vt8_Merikarvia_Kuvaskangas_Opt"
2102|1324|"vt23_Kankaanpää_Hapua_Opt1"
2103|1325|"vt8_Eurajoki_Pinkjärvi_Opt1"
2104|1344|"vt8_Mynämäki_Motelli_Opt1"
2105|1326|"vt8_Pyhäranta_Ihode_Opt2"
2106|1345|"vt9_Loimaa_Mellilä_Opt1"
2107|1346|"vt8_Pori_Ahlainen_Opt1"
2108|1383|"vt1_Salo_Muurla_Opt1"
2109|1384|"vt1_Salo_Muurla_Opt2"
2110|1364|"vt1_Salo_Haukkala_Opt1"
2111|1365|"vt1_Salo_Haukkala_Opt2"
2112|1385|"vt1_Salo_Halikko_Opt1"
2113|1366|"vt1_Salo_Halikko_Opt2"
2114|1386|"vt1_Salo_Hajala_Opt1"
2115|1403|"vt1_Salo_Hajala_Opt2"
2116|1387|"vt1_Paimio_Pitkäporras_Opt1"
2117|1388|"vt1_Paimio_Pitkäporras_Opt2"
2118|1389|"vt1_Paimio_Valkoja_Opt1"
2119|1404|"vt1_Paimio_Valkoja_Opt2"
2120|1405|"OLD_vt1_Kaarina_Piikkiö_S_Opt1"
2121|1406|"vt1_Kaarina_Piikkiö_S_Opt2"
2122|1407|"vt1_Kaarina_Makarla_Opt1"
2123|1390|"vt1_Kaarina_Hiiskanmäki_Opt2"
2124|1408|"st189_Naantali_Luonnonmaa_R"
2125|1391|"st189_Naantali_Luonnonmaa_Opt"
2126|1585|"vt2_Huittinen_Korvenmaa_1"
2127|1643|"vt2_Huittinen_Korvenmaa_Opt"
2128|2063|"vt9_Aura_Järvenoja_Opt2"
2129|2064|"vt10_Lieto_Yliskulma_Opt2"
2130|2083|"vt10_Koski_Tl_Opt2"
3001|202|"vt7_Kotka_Karhunkangas_1"
3002|203|"vt7_Hamina_Summa_1"
3003|204|"kt62_Puumala_Huuhkaala_R"
3004|205|"vt5_Mikkeli_R"
3005|206|"vt14_Savonlinna_Kulennoinen_R"
3006|207|"vt7_Kotka_Sutela_1"
3007|208|"st170_Pyhtää_Mokra_R"
3008|209|"OLD_vt7_Pkarhula_R"
3009|210|"OLD_vt7_Leppäsaaren_silta_R"
3010|211|"OLD_vt7_Ekarhula_R"
3011|212|"vt15_Kouvola_Tuohikotti_R"
3012|213|"vt13_Lappeenranta_Karhusjärvi_R"
3013|214|"OLD_vt26_Ruissalo_R"
3014|215|"vt15_Kotka_Kotkansaari_R"
3015|216|"vt15_Kotka_Kotkansaari_O1"
3016|217|"vt15_Kotka_Kotkansaari_O2"
3017|218|"OLD_vt6_Selkäharju_R"
3018|219|"OLD_vt6_Selkäharju_O"
3019|220|"OLD_vt6_Selkäharju_O2"
3020|221|"OLD_vt6_Utti_K"
3022|222|"vt5_Pertunmaa_Kuortti_R"
3023|223|"vt7_Kotka_Karhunkangas_2"
3024|224|"vt7_Hamina_Summa_2"
3025|225|"OLD_vt13_Selkäharju_O3"
3026|226|"st170_Pyhtää_Mokra_Opt"
3027|227|"OLD_vt26_Ruissalo_Opt"
3028|228|"OLD_vt6_Selkäharju_Opt"
3029|229|"vt7_Kotka_Karhunkangas_Opt1"
3030|230|"vt7_Kotka_Karhunkangas_Opt2"
3031|231|"st408_Taipalsaari_Saimaanharju_K"
3032|232|"kt62_Mikkeli_Anttola_K"
3033|233|"vt14_Savonlinna_Kyrönsalmen_silta_Opt1"
3034|234|"st170_Virolahti_Kattilainen_R"
3035|235|"st170_Virolahti_Kattilainen_Opt"
3036|236|"vt6_Lappeenranta_Kärki_R"
3037|237|"vt6_Lappeenranta_Kärki_O"
3038|238|"vt6_Lappeenranta_Kärki_Opt1"
3039|239|"vt6_Lappeenranta_Kärki_Opt2"
3040|240|"vt6_Lappeenranta_Mälkiä_O"
3041|241|"vt6_Lappeenranta_Mälkiä_Opt1"
3042|242|"vt6_Lappeenranta_Mälkiä_Opt2"
3043|243|"vt26_Hamina_Myllykylä_R"
3044|244|"vt26_Hamina_Myllykylä_Opt"
3045|245|"vt7_Kotka_Sutela_2"
3046|246|"OLD_vt7_Kotka_Sutela_O2"
3047|247|"vt7_Kotka_Sutela_Opt1"
3048|248|"vt7_Kotka_Sutela_Opt2"
3049|249|"vt6_Kouvola_Utti_1"
3050|250|"vt6_Rautjärvi_Simpele_Opt"
3051|251|"vt7_Pyhtää_Siltakylä_1"
3052|252|"vt7_Pyhtää_Siltakylä_2"
3053|253|"vt7_Pyhtää_Siltakylä_Opt1"
3054|254|"vt7_Pyhtää_Siltakylä_Opt2"
3055|255|"OLD_Vaisalassa_testi_RWS200"
3056|256|"vt7_Hamina_Kolsila_itä_1"
3057|257|"vt7_Hamina_Kolsila_itä_2"
3058|258|"vt7_Hamina_Kolsila_itä_Opt1"
3059|259|"vt7_Hamina_Kolsila_itä_Opt2"
3060|260|"OLD_vt7_Hamina_Summa"
3061|261|"OLD_vt7_Hamina_Summa"
3062|262|"vt7_Hamina_Summa_Opt1"
3063|263|"vt7_Hamina_Summa_Opt2"
3064|264|"vt7_Hamina_Husula_1"
3065|265|"vt7_Hamina_Husula_2"
3066|266|"vt7_Hamina_Husula_Opt1"
3067|267|"vt7_Hamina_Husula_Opt2"
3068|843|"vt6_Utti_B"
3069|901|"vt6_Kouvola_Utti_Opt2"
3070|1141|"vt6_Utti_B2"
3071|1163|"OLD_Saimaan_Kanavatie_1"
3072|1164|"Saimaan_Kanavatie_Opt1"
3073|1203|"vt6_Luumäki_kko_2"
3074|1223|"vt7_Virolahti_Ravijoki_1"
3075|1224|"vt7_Virolahti_Mattila_1"
3076|1283|"vt6_Luumäki_kko_Opt2"
3077|1423|"vt7_Virolahti_Ravijoki_Opt1"
3078|1424|"vt7_Virolahti_Ravijoki_2"
3079|1425|"vt7_Virolahti_Ravijoki_Opt2"
3080|1443|"vt7_Virolahti_Mattila_2"
3081|1426|"vt7_Virolahti_Mattila_Opt1"
3082|1427|"vt7_Virolahti_Mattila_Opt2"
3083|1804|"vt6_Kouvola_Elimäki_Opt1"
4001|268|"vt4_Hollola_Miekkiö_1"
4002|269|"vt24_Asikkala_Iso-Äiniö_R"
4003|270|"vt2_Humppila_Koenjoki_R"
4004|271|"vt3_Hämeenlinna_Miemala_1"
4005|272|"vt11_Nokia_Sorrinlammi_R"
4006|273|"vt3_Lempäälä_Kulju_1"
4007|274|"st130_Valkeakoski_Jutikkala_R"
4008|275|"vt10_Tammela_Heinivaho_R"
4009|276|"vt3_Riihimäki_Parmala_1"
4010|277|"vt12_Hollola_Hämeenkoski_R"
4011|278|"vt12_Hämeenlinna_Hauho_R"
4012|279|"vt12_Pälkäne_Kollolanharju_R"
4013|280|"vt9_Orivesi_Kutema_1"
4014|281|"OLD_vt9_Längelmäki"
4015|282|"kt66_Ruovesi_Ruojärvi_R"
4016|283|"vt23_Virrat_Puttoskylä_R"
4017|284|"vt12_Tampere_Atala_1"
4020|285|"vt12_Tre_Paasikiventie_R"
4021|286|"vt9_Akaa_Kylmäkoski_R"
4022|287|"kt54_Hausjärvi_Mommila_R"
4023|288|"kt58_Mänttä_Kuoreniemi_R"
4024|289|"vt3_Ylöjärvi_Metsäkylä_1"
4025|290|"vt12_Lahti_Kärpäsenmäki_R"
4026|291|"OLD_Lahti_Ahtialantie"
4027|292|"vt3_Lempäälä_Lippo_1"
4028|293|"vt3_Valkeakoski_Jutikkala_1"
4029|294|"vt3_Pirkkala_Huovi_1"
4030|295|"vt9_Kangasala_Suinula_1"
4031|296|"vt9_Orivesi_Leppähammas_1"
4032|297|"vt9_Orivesi_Talviainen_1"
4033|298|"OLD_vt9_Solttila_O"
4034|299|"vt9_Kangasala_Suinula_Opt"
4035|300|"vt9_Orivesi_Kutema_Opt1"
4036|301|"vt24_Asikkala_Iso-Äiniö_Opt"
4037|302|"vt3_Hämeenlinna_Miemala_Opt2"
4038|303|"vt3_Riihimäki_Parmala_Opt1"
4039|304|"kt54_Hausjärvi_Mommila_Opt"
4040|305|"vt3_Ylöjärvi_Metsäkylä_Opt2"
4041|306|"vt12_Lahti_Kärpäsenmäki_Opt"
4042|307|"vt9_Orivesi_Talviainen_Opt"
4043|308|"vt3_Ikaalinen_Teikangas_Opt"
4044|309|"vt12_Sastamala_Kärppälä_Opt"
4045|310|"vt4_Heinola_Vierumäki_Opt2"
4046|311|"vt4_Sysmä_Onkiniemi_Opt1"
4047|312|"vt2_Humppila_Koenjoki_Opt"
4048|313|"vt3_Valkeakoski_Jutikkala_Opt"
4049|314|"vt3_Lempäälä_Lippo_Opt"
4050|315|"vt3_Lempäälä_Kulju_Opt1"
4051|316|"vt3_Parkano_Lamminkoski_Opt"
4052|317|"vt4_Hollola_Miekkiö_Opt2"
4053|318|"vt9_Akaa_Kylmäkoski_Opt"
4055|319|"vt10_Tammela_Heinivaho_Opt"
4056|320|"vt11_Nokia_Sorrinlammi_Opt"
4057|321|"vt12_Tre_Paasikiventie_Opt"
4058|322|"vt12_Tampere_Atala_Opt"
4059|323|"vt12_Pälkäne_Kollolanharju_Opt"
4060|324|"vt12_Hämeenlinna_Hauho_Opt"
4061|325|"vt12_Hollola_Hämeenkoski_Opt"
4062|326|"kt66_Ruovesi_Ruojärvi_Opt"
4063|327|"vt3_Pirkkala_Huovi_Opt2"
4064|328|"yt3495_Tampere_Rautaharkko_R"
4065|329|"yt3495_Tampere_Rautaharkko_Opt"
4066|921|"vt4_Hartola_Kettuvuori_1"
4067|981|"vt4_Hartola_Kettuvuori_Opt2"
4068|1743|"vt9_Orivesi_Leppähammas_Opt1"
4069|1904|"NEW_vt10_Hämeenlinna_Eteläinen_1"
4070|1884|"NEW_vt10_Hämeenlinna_Eteläinen_Opt1"
5001|330|"vt6_Kouvola_Elimäki_1"
5002|331|"OLD_vt6_Utti"
5004|332|"vt6_Imatra_Rönkkä_R"
5005|333|"vt6_Parikkala_Rautalahti_R"
5006|334|"vt13_Mikkeli_Kauriansalmi_R"
5007|335|"vt6_Luumäki_kko_1"
5008|336|"vt6_Lappeenranta_Mälkiä_R"
5009|337|"vt12_Iitti_Mankala_R"
5010|338|"OLD_vt7_Pyhtään_Kk_R"
5011|339|"st170_Virolahti_Virojoki_R"
5012|340|"vt15_Kotka_Juurikorpi_R"
5013|341|"vt26_Hamina_Pyhältö_R"
5014|342|"st387_Lappeenranta_Ylämaa_R"
5015|343|"vt13_Savitaipale_Ellosenpää_R"
5016|344|"vt6_Kouvola_Utti_YPS"
5017|345|"OLD_Viipuri"
5018|346|"OLD_vt6_Utti_O"
5019|347|"vt6_Kouvola_Utti_YPS_Opt2"
5020|348|"vt6_Imatra_Rönkkä_Opt"
5021|349|"vt6_Luumäki_kko_Opt1"
5022|350|"vt13_Mikkeli_Kauriansalmi_Opt"
5023|351|"vt15_Kotka_Juurikorpi_Opt"
5024|352|"vt13_Savitaipale_Ellosenpää_Opt"
5025|353|"vt26_Hamina_Pyhältö_Opt"
5026|354|"vt6_Imatra_Rönkkä_O"
5027|961|"vt7_Vaalimaa_rekkaparkki_1"
5028|1043|"vt7_Vaalimaa_rekkaparkki_2"
5029|1061|"vt7_Vaalimaa_rekkaparkki_Opt1"
5030|1165|"vt7_Vaalimaa_rekkaparkki_Opt2"
6001|355|"vt4_Heinola_Vierumäki_1"
6002|356|"vt5_Mäntyharju_Toivola_R"
6003|357|"vt5_Juva_Nuutilanmäki_R"
6004|358|"vt4_Sysmä_Onkiniemi_1"
6005|359|"vt5_Joroinen_Puunkolo_R"
6006|360|"vt14_Rantasalmi_Parkumäki_R"
6007|361|"vt15_Mäntyharju_Tommola_R"
6008|362|"vt23_Heinävesi_Suurmäki_R"
6009|363|"vt23_Pieksämäki_Siikamäki_R"
6010|364|"vt13_Mikkeli_Läsänkoski_R"
6011|365|"st435_Sulkava_Pieksuu_K"
6012|366|"vt5_Mikkeli_Opt1"
6013|367|"vt5_Pertunmaa_Kuortti_Opt"
6014|368|"vt5_Juva_Nuutilanmäki_Opt"
6015|369|"vt5_Joroinen_Puunkolo_Opt"
6016|370|"vt23_Heinävesi_Lamminpää_K"
6017|371|"vt14_Savonlinna_Kulennoinen_Opt_02"
6018|372|"vt15_Mäntyharju_Tommola_Opt_02"
6019|373|"vt14_Savonlinna_Kyrönsalmen_silta_Opt2"
6020|374|"vt5_Mäntyharju_Toivola_Opt_02"
6021|375|"vt13_Kangasniemi_Häppälä_Opt"
6022|376|"vt14_Rantasalmi_Parkumäki_Opt"
6023|377|"vt14_Savonlinna_Hevonpäänniemi_R"
6024|378|"vt14_Savonlinna_Hevonpäänniemi_Opt1"
6025|379|"vt14_Savonlinna_Hevonpäänniemi_Opt2"
6026|801|"vt5_Mikkeli_Opt2"
6027|1983|"OLD_vt14_Savonlinna_Laitaatsalmi_silta_K"
6028|1984|"vt14_Savonlinna_Laitaatsalmi_silta_Opt1"
6029|2003|"vt14_Savonlinna_Laitaatsalmi_silta_Opt2"
7001|380|"vt6_Kontiolahti_Lehmo_R"
7002|381|"vt6_Kitee_Kesälahti_R"
7003|382|"vt9_Liperi_Ahonkylä_R"
7004|383|"kt73_Lieksa_Mökkivaara_R"
7005|384|"vt6_Tohmajärvi_Vinska_R"
7006|385|"vt6_Juuka_Räksiinalava_R"
7007|386|"vt6_Valtimo_Nurmes_R"
7008|387|"kt74_Ilomantsi_Marjovaara_R"
7009|388|"vt9_Liperi_Ylämylly_1"
7010|389|"st502_Liperi_Ylämylly_1_S"
7011|390|"vt9_Tohmajärvi_Värtsilä_R"
7012|391|"vt9_Liperi_Käsämä_R"
7013|392|"vt9_Liperi_Käsämä_O"
7014|393|"vt6_Joensuu_Tikkala_R"
7015|394|"kt73_Eno_Louhioja_R"
7016|395|"st522_Ilomantsi_Hattuvaara_K"
7017|396|"kt71_Kitee_Väärämäki_K"
7018|397|"vt6_Joensuu_1"
7019|398|"kt75_Nurmes_Mujejärvi_R"
7020|399|"vt6_Joensuu_Tikkala_Opt"
7021|400|"vt6_Kontiolahti_Lehmo_Opt"
7022|401|"vt9_Liperi_Ylämylly_Opt2"
7023|402|"vt9_Liperi_Ahonkylä_Opt"
7024|403|"st524_Lieksa_Nurmijärvi_K"
7025|404|"st522_Lieksa_Hatunkylä_K"
7026|405|"st500_Joensuu_Hoilola_K"
7027|406|"vt9_Liperi_Käsämä_Opt"
7028|407|"kt73_Eno_Louhioja_Opt"
7029|408|"vt6_Joensuu_Opt1"
7030|409|"vt6_Joensuu_Opt2"
7031|410|"vt6_Kitee_Kousa_Opt"
7032|411|"kt73_Lieksa_Vieki_K"
7033|412|"vt6_Joensuu_Pekkalan_silta_Opt"
7034|413|"yt5200_Lieksa_Jaakonvaara_K"
7035|414|"vt6_Tohmajärvi_Vinska_Opt"
8001|415|"vt5_Kuopio_Kuvelampi_1"
8002|416|"vt5_Leppävirta_Poijinpelto_R"
8003|417|"vt5_Lapinlahti_Mäntylahti_R"
8004|418|"vt5_Iisalmi_Ryhälänmäki_R"
8005|419|"vt5_Siilinjärvi_Oikeakätinen_R"
8006|420|"vt9_Tuusniemi_Tuusjärvi_R"
8007|421|"kt77_Pielavesi_Löytynjärvi_R"
8008|422|"kt75_Nilsiä_Suholanmäki_R"
8009|423|"vt9_Suonenjoki_Levä_R"
8010|424|"vt27_Iisalmi_Runni_R"
8011|425|"vt9_Kuopio_Vartiala_R"
8012|426|"vt9_Kuopio_Jännevirta_R"
8013|427|"OLD_vt5_Kuopio_P_R"
8014|428|"vt9_Kuopio_Vehmasmäki_R"
8015|429|"vt9_Kuopio_Vartiala_O"
8016|430|"vt9_Kuopio_Jännevirta_O"
8017|431|"kt88_Vieremä_Isomäki_K"
8018|432|"kt87_Sonkajärvi_Koirakoski_K"
8019|433|"st551_Vesanto_Löttökorpi_K"
8020|434|"vt5_Kuopio_Siikalahti_1"
8021|435|"vt5_Kuopio_Siikalahti_2_S"
8022|436|"OLD_vt5_Kuopio_P_Opt1"
8023|437|"vt5_Leppävirta_Oravikoski_R"
8024|438|"vt9_Kuopio_Vehmasmäki_Opt"
8025|439|"vt5_Kuopio_Siikalahti_Opt12"
8026|440|"OLD_vt5_Kuopio_P_Opt2"
8027|441|"OLD_vt5_Kuopio_P_Opt3"
8028|442|"OLD_vt5_Kuopio_P_Opt4"
8029|443|"vt5_Leppävirta_Poijinpelto_Opt"
8030|444|"vt5_Siilinjärvi_Oikeakätinen_Opt"
8031|445|"vt9_Tuusniemi_Tuusjärvi_Opt"
8032|446|"vt5_Iisalmi_Ryhälänmäki_Opt"
8033|447|"vt9_Suonenjoki_Levä_Opt"
8034|448|"vt5_Leppävirta_Oravikoski_Opt"
8035|449|"vt5_Lapinlahti_Mäntylahti_Opt"
8036|450|"vt9_Kuopio_Jännevirta_Opt"
8037|451|"vt9_Kuopio_Vartiala_Opt"
8038|452|"vt5_Kuopio_ Rahusenlampi_Opt1"
8039|453|"OLD_vt5_Rahusen_lampi_T1"
8040|454|"vt5_Kuopio_Rahusenlampi_Opt2"
8041|455|"OLD_vt5_Rahusen_lampi_T2"
8042|456|"vt5_Kuopio_Sorsasalo_Opt1"
8043|457|"OLD_vt5_Sorsas_Vuor_T1"
8044|458|"vt5_Kuopio_Sorsasalo_Opt2"
8045|459|"OLD_vt5_Sorsas_Vuor_T2"
8046|460|"NEW_vt5_Kuopio_E_Opt1"
8047|461|"NEW_vt5_Kuopio_E_Opt2"
8048|462|"NEW_vt5_Kuopio_E_Opt3"
8049|463|"NEW_vt5_Kuopio_E_Opt4"
8050|464|"NEW_vt5_Lev-Siikal_Opt1"
8051|465|"NEW_vt5_Lev-Siikal_Opt2"
8052|466|"NEW_vt5_Lev-Siikal_Opt3"
8053|467|"NEW_vt5_Lev-Siikal_Opt4"
8054|468|"NEW_vt5_Siikalahti_Opt2"
8055|469|"NEW_vt5_Siikalahti_Opt3"
8056|470|"NEW_vt5_Siikalahti_Opt4"
8057|471|"NEW_vt5_Rissala_Räimä_Opt1"
8058|472|"NEW_vt5_Rissala_Räimä_Opt2"
8059|473|"NEW_vt5_Rissala_Räimä_Opt3"
8060|474|"NEW_vt5_Rissala_Räimä_Opt4"
8061|475|"NEW_vt5_Siilinjärvi_Opt1"
8062|476|"NEW_vt5_Siilinjärvi_Opt2"
8063|477|"NEW_vt5_Siilinjärvi_Opt3"
8064|478|"vt23_Leppävirta_Mustinsalo_R"
8065|479|"vt23_Leppävirta_Mustinsalo_Opt"
8066|480|"vt5_Kuopio_Tikkalansaari_R"
8067|481|"vt5_Kuopio_Tikkalansaari_Opt1"
8068|482|"vt5_Kuopio_Tikkalansaari_Opt2"
8069|483|"vt5_Kuopio_Tikkalansaari_Silta_Opt1"
8070|484|"OLD_vt5_Tikkalansaari_Silta_T1"
8071|485|"vt5_Kuopio_Rahusenlampi_Opt3"
8072|486|"vt5_Kuopio_Rahusenlampi_Opt4"
8073|487|"vt5_Kuopio_Sorsasalo_Opt3"
8074|488|"vt5_Kuopio_Sorsasalo_Opt4"
8075|489|"vt5_Kuopio_Tikkalansaari_Silta_Opt2"
8076|490|"OLD_vt5_Tikkalansaari_Silta_T2"
8077|1327|"vt5_Kuopio_Kuvelampi_Opt2"
8078|1943|"vt9_Kuopio_Jännevirta_Silta_K"
8079|1944|"vt9_Kuopio_Jännevirta_Silta_Opt1"
8080|1945|"vt9_Kuopio_Jännevirta_Silta_Opt2"
9001|491|"vt4_Toivakka_Vestonmäki_1"
9002|492|"vt9_Jyväskylä_Korpilahti_R"
9003|493|"vt18_Petäjävesi_Vehkasuo_R"
9004|494|"vt4_Äänekoski_Konginkangas_1"
9005|495|"vt24_Kuhmoinen_Iso-Sääksjärvi_R"
9006|496|"vt4_Laukaa_Tikkakoski_R"
9007|497|"vt9_Laukaa_Lievestuore_R"
9008|498|"vt4_Viitasaari_R"
9009|499|"vt13_Saarijärvi_Kalmari_R"
9010|500|"vt13_Kyyjärvi_Oikari_R"
9011|501|"vt9_Hankasalmi_Hallanlahti_R"
9012|502|"vt23_Keuruu_Tiusala_R"
9013|503|"vt4_Joutsa_1"
9014|504|"vt9_Jyväskylä_R"
9015|505|"vt13_Äänekoski_Honkola_R"
9016|506|"vt9_Jämsä_Ratalammi_1"
9017|507|"vt9_Jämsä_Partalanmäki_R"
9018|508|"vt4_Äänekoski_Petomäki_R"
9019|509|"vt4_Jyväskylä_Puuppola_1"
9020|510|"vt9_Hankasalmen_asema_R"
9021|511|"vt9_Muurame_Keljonkangas_1"
9022|512|"vt4_Pihtipudas_Rönnynkylä_Opt"
9023|513|"vt4_Äänekoski_Lintulahti_Opt"
9024|514|"vt4_Toivakka_Vestonmäki_Opt2"
9025|515|"vt4_Joutsa_Opt"
9026|1007|"vt9_Jämsä_Ratalammi_Opt"
9027|1347|"vt9_Muurame_Keljonkangas_Opt1"
9028|1663|"kt69_Konnevesi_Istunmäki_1"
9029|1683|"vt18_Multia_Väätäiskylä_1"
9030|1664|"kt69_Konnevesi_Istunmäki_Opt2"
9031|1684|"vt18_Multia_Väätäiskylä_Opt1"
9032|2023|"vt4_Jyväskylä_Puuppola_Opt1"
9033|2043|"vt4_Äänekoski_Konginkangas_Opt1"
10001|516|"vt8_Kristiinankaup_Metsälä_R"
10002|517|"vt8_Närpiö_R"
10003|518|"vt8_Vaasa_Mustasaari_1"
10004|519|"vt8_Vöyri_Kaitsor_R"
10005|520|"kt68_Pedersöre_Edsevö_R"
10006|521|"vt8_Kokkola_Vitikka_R"
10007|522|"vt3_Kurikka_Jalasjärvi_R"
10008|523|"vt3_Ilmajoki_Majakangas_R"
10009|524|"kt66_Alavus_Sampsalampi_R"
10010|525|"vt19_Lapua_Jouttikallio_R"
10011|526|"vt3_Laihia_Ruto_R"
10012|527|"vt8_Maalahti_Pirttikylä_R"
10013|528|"vt16_Alajärvi_Kurejoki_R"
10014|529|"kt67_Seinäjoki_1"
10015|530|"vt13_Kaustinen_Viiperi_R"
10016|531|"kt44_Kauhajoki_Vakkurinkylä_R"
10017|532|"kt67_Kauhajoki_Äijönkylä_R"
10018|533|"vt18_Alavus_Töysä_R"
10019|534|"kt68_Evijärvi_Kirsilä_R"
10020|535|"st749_Luoto_Eugmo_R"
10021|536|"vt19_Alahärmä_Voltti_R"
10022|537|"st724_Mustasaari_Raippaluoto_R"
10023|538|"vt8_Uusikaarlepyy_Svinbacken_1"
10024|539|"vt8_Kalajoki_Himanka_R"
10025|540|"vt16_Seinäjoki_Ylistaro_R"
10026|541|"vt8_Kristiinankaup_Lapväärtti_R"
10027|542|"vt8_Mustassari_Riimala_1"
10028|543|"vt8_Pedersöre_Lepplax_1"
10029|544|"st673_Närpiö_Rangsby_R"
10030|545|"st724_Mustasaari_Raippaluoto_O"
10031|546|"kt63_Kokkola_Ullava_R"
10032|547|"kt67_Teuva_R"
10033|548|"vt8_Vaasa_Mustasaari_Opt2"
10034|549|"kt67_Ilmajoki_Koskenkorva_R"
10035|550|"vt18_Alavus_Kuivaskylä_R"
10036|551|"vt19_Kurikka_Luopajärvi_R"
10037|552|"vt8_Kristiinankaup_Lapväärtti_Opt"
10038|553|"vt8_Kristiinankaup_Metsälä_Opt"
10039|554|"vt8_Mustasaari_Vassor_R"
10040|555|"vt18_Isokyrö_Napue_R"
10041|556|"kt66_Kuortane_Mäyry_R"
10042|557|"vt19_Kauhava_Ylihärmä_R"
10043|558|"kt68_Vimpeli_Hietoja_R"
10044|559|"vt19_Ilmajoki_Rengonkylä_Opt"
10045|560|"vt16_Alajärvi_Möksy_Opt"
10046|561|"vt3_Vaasa_Vanhasatama_Opt"
10047|562|"kt67_Ilmajoki_Opt"
10048|563|"vt13_Perho_Möttönen_R"
10049|564|"kt63_Toholampi_Opt"
10050|565|"kt66_Lapua_Opt"
10051|566|"vt8_Maalahti_Pirttikylä_Opt"
10052|567|"vt8_Uusikaarlepyy_Svinbacken_Opt2"
10053|568|"vt8_Kalajoki_Himanka_Opt"
10054|569|"st673_Maalahti_Petolahti_Opt"
10055|570|"vt18_Nurmo_Munakka_K"
10056|1008|"kt67_Seinäjoki_Opt"
10057|2084|"vt8_Mustassari_Riimala_Opt1"
10058|2085|"vt8_Pedersöre_Lepplax_Opt1"
10059|2123|"vt13_Kaustinen_Viiperi_Opt1"
11001|571|"vt8_Kalajoki_Vasankari_R"
11002|572|"vt28_Kannus_R"
11003|573|"vt27_Ylivieska_Raudaskylä_R"
11004|574|"kt86_Oulainen_Piipsjärvi_R"
11005|575|"vt4_Pyhäjärvi_Lamminaho_R"
11006|576|"kt58_Lestijärvi_Jykyri_R"
11007|577|"vt13_Veteli_Sikaharju_R"
12001|578|"vt4_Oulu_Ouluntulli_1"
12002|579|"vt8_Raahe_Pattijoki_1"
12003|580|"vt4_Siikalatva_Pulkkila_R"
12004|581|"vt4_Ii_Kuivaniemi_R"
12005|582|"vt20_Oulu_Arkala_R"
12006|583|"vt20_Pudasjärvi_Pintamo_R"
12007|584|"vt20_Kuusamo_Kuolio_R"
12008|585|"vt5_Kuusamo_Kitka_R"
12009|586|"kt88_Pyhäntä_Ahokylä_R"
12010|587|"vt22_Utajärvi_Sotkajärvi_R"
12011|588|"kt78_Pudasjärvi_Kokkokylä_R"
12012|589|"vt4_Oulu_Haukipudas_R"
12013|590|"kt86_Siikajoki_Paavola_R"
12014|591|"vt4_Tyrnävä_Temmes_R"
12015|592|"vt4_Ii_Olhava_1"
12016|593|"vt4_Kärsämäki_R"
12017|594|"vt8_Liminka_Lapinkangas_1"
12018|595|"OLD_vt8_Parhalahti_R"
12019|596|"vt4_Oulu_Intiö_1"
12020|597|"vt27_Haapajärvi_Oksava_R"
12021|598|"vt4_Oulu_Intiö_2"
12022|599|"vt4_Liminka_Haaransilta_R"
12023|600|"vt4_Liminka_Haaransilta_O"
12024|601|"vt4_Oulu_Ouluntulli_2"
12025|602|"st816_Hailuoto_R"
12026|603|"vt4_Oulu_Opt"
12027|604|"vt4_Tyrnävä_Temmes_Opt"
12028|605|"vt5_Kuusamo_Petäjälampi_R"
12029|606|"vt20_Oulu_Hönttämäki_R"
12030|607|"vt20_Oulu_Hönttämäki_O"
12031|608|"vt4_Oulu_Haukipudas_Opt"
12032|609|"vt5_Kuusamo_Petäjälampi_Opt"
12033|610|"vt22_Muhos_Kosulankylä_1"
12034|611|"vt22_Muhos_Kosulankylä_Opt2"
12035|612|"vt28_Kajaani_Kokkosuo_R"
12036|613|"vt20_Taivalkoski_R"
12037|614|"OLD_vt20_Taivalkoski_Opt"
12038|615|"vt5_Kuusamo_Jokivaara_Opt"
12039|616|"vt4_Oulu_Ritaharju_O"
12040|617|"vt8_Siikajoki_Revonlahti_Opt"
12041|618|"vt4_Siikalatva_Hyttikoski_Opt"
12042|619|"vt8_Raahe_Pattijoki_Opt"
12043|620|"OLD_vt5_Jokivaara_pwd"
12044|842|"vt4_Ii_Olhava_B"
12045|1009|"vt4_Oulu_Ouluntulli_Opt"
12046|1010|"vt4_Oulu_Intiö_Opt1"
12047|1021|"vt4_Ii_Olhava_Opt"
12048|1161|"vt4_Ii_Olhava_B2"
12049|1243|"vt22_Oulu_Talonpojankangas_1"
12050|1392|"vt8_Pyhäjoki_Viirre_R"
12051|1444|"vt22_Oulu_Talonpojankangas_Opt1"
12052|1445|"vt22_Oulu_Talonpojankangas_Opt2"
12053|1523|"vt4_Liminka_Tupos_1"
12054|1543|"vt4_Liminka_Tupos_Opt2"
12055|1565|"st966_Kuusamo_raja_K"
12056|1623|"st847_Oulu_Kiviniemi_K"
12057|1763|"yt8690_Kuusamo_Vuotunki_K"
12058|1783|"vt4_Liminka_Tupos_2"
12059|1924|"vt4_Oulu_Intiö_3"
12060|1923|"vt4_Oulu_Intiö_Opt2"
12061|2065|"vt8_Liminka_Lapinkangas_Opt2"
13001|621|"vt6_Sotkamo_Korholanmäki_R"
13002|622|"vt5_Ristijärvi_Roukajoki_R"
13003|623|"vt22_Vaala_Liminpuro_R"
13004|624|"vt5_Suomussalmi_Palovaara_R"
13005|625|"kt78_Puolanka_Paasikoski_R"
13006|626|"kt76_Kuhmo_Tervasalmi_R"
13007|627|"vt5_Kajaani_Hatulanmäki_R"
13008|628|"vt4_Oulu_Ritaharju_R"
13009|629|"vt5_Kajaani_Mineraali_R"
13010|630|"vt5_Suomussalmi_Raiskio_R"
13011|631|"vt20_Pudasjärvi_Taipaleenh_R"
13012|632|"kt89_Kuhmo_Kuusamonkylä_R"
13013|633|"vt5_Suomussalmi_Pisto_R"
13014|634|"vt5_Kajaani_Loikkala_Opt"
13015|635|"vt5_Kajaani_Nuottijärvi_Opt"
13016|781|"vt20_Pudasjärvi_Taipaleenh_Opt"
13017|866|"yt9110_Suomussalmi_Seikkala_K"
14001|636|"st921_Keminmaa_Kaakamo_R"
14002|637|"vt4_Rovaniemi_Jaatila_R"
14003|638|"vt4_Inari_Saariselkä_R"
14004|639|"vt4_Sodankylä_Vuojärvi_R"
14005|640|"vt21_Ylitornio_Kattilakoski_R"
14006|641|"OLD_vt5_Suomu_R"
14007|642|"vt4_Sodankylä_Porttipahta_R"
14008|643|"vt4_Tervola_Paakkola_R"
14009|644|"vt4_Rovaniemi_Napapiiri_R"
14010|645|"vt21_Tornio_Kukkola_R"
14011|646|"vt21_Pello_Sieppijärvi_R"
14012|647|"OLD_kt78_Saukkokangas_R"
14013|648|"kt82_Rovaniemi_Kalliosalmi_R"
14014|649|"kt83_Ylitornio_Raanujärvi_R"
14015|650|"kt79_Kittilä_Lohiniva_R"
14016|651|"vt4_Inari_Petsikko_R"
14017|652|"vt5_Pelkosenniemi_Kairala_R"
14018|653|"vt21_Muonio_Tapojärvi_R"
14019|654|"vt21_Enontekiö_Saarikoski_R"
14020|655|"vt4_Keminmaa_Isohaara_R"
14021|656|"vt29_Tornio_Luukkaankangas_R"
14022|657|"vt29_Tornio_Luukkaankangas_O"
14023|658|"vt29_Tornio_Kyläjoki_R"
14024|659|"vt29_Tornio_Kyläjoki_O"
14025|660|"vt4_Keminmaa_Isohaara_O"
14026|661|"st863_Posio_Sirniö_K"
14027|662|"st970_Utsjoki_Nuorgam_K"
14028|663|"yt9401_Ylläs_maisematie_K"
14029|664|"vt29_Tornio_Kyläjoki_Opt"
14030|665|"vt5_Kemijärvi_Suomu_K"
14031|666|"vt4_Rovaniemi_Santa_Claus_Opt"
14032|667|"vt4_Rovaniemi_Jaatila_Opt"
14033|668|"vt4_Tervola_Paakkola_Opt"
14034|669|"vt4_Rovaniemi_Revontuli_R"
14035|670|"OLD_vt4_Revontuli_Opt"
14036|671|"vt4_Kemi_Ristikangas_R"
14037|672|"vt4_Kemi_Ristikangas_O"
14038|673|"vt4_Kemi_Ristikangas_Opt"
14039|674|"vt4_Kemi_Siikalahti_R"
14040|675|"vt4_Kemi_Siikalahti_O"
14041|676|"vt4_Kemi_Siikalahti_Opt"
14042|677|"vt21_Enontekiö_Palojoensuu_K"
14043|678|"st962_Pelkosenniemi_Pyhätunturi_K"
14044|679|"vt4_Simo_Simoniemi_Opt"
14045|821|"vt4_Keminmaa_Isohaara_Opt"
14046|941|"kt78_Ranua_Portimo_R"
14047|1483|"vt21_Muonio_Pahtonen_1"
14048|1504|"vt21_Muonio_Pahtonen_Opt"
14049|1484|"vt21_Muonio_1"
14050|1505|"vt21_Muonio_Opt"
14051|1544|"vt21_Muonio_testi"
14052|1503|"vt4_Sodankylä_Petäjämaa_IL"
14053|1563|"vt4_Sodankylä_Petäjämaa_Opt"
14054|1564|"vt21_Enontekiö_Kilpisjärvi_K"
14055|1704|"kt81_Posio_Mourusalmi_K"
14056|1723|"vt21_Enontekiö_Ropinsalmi_K"
14057|1843|"vt21_Enontekiö_Kelottijärvi_1"
14058|1844|"vt21_Enontekiö_Kelottijärvi_Opt1"
14059|1863|"vt21_Enontekiö_Hietajoki_1"
14060|1845|"vt21_Enontekiö_Hietajoki_Opt1"
14061|1963|"st965_Salla_Kotala_K"
15001|680|"OLD_Keliauto1 JAE-537"
15002|681|"OLD_Keliauto2 CBT-313"
15101|682|"OLD_LTJ_testi_1"
15152|683|"OLD_LTJ_kamera_2"
16001|684|"vt1_Salo_Lakiamäki_R"
16002|685|"vt1_Salo_Lakiamäki_O"
16003|686|"vt1_Salo_Kruusila_R"
16004|687|"vt1_Salo_Kruusila_O"
16005|688|"vt1_Salo_Suomusjärvi_R"
16006|689|"vt1_Salo_Suomusjärvi_O"
16007|690|"vt1_Salo_Lahnajärvi_R"
16008|691|"vt1_Salo_Lahnajärvi_O"
16009|692|"vt1_Lohja_Pitkämäki_R"
16010|693|"vt1_Lohja_Pitkämäki_O"
16011|694|"vt1_Lohja_Karnainen_R"
16012|695|"vt1_Lohja_Karnainen_O"
16013|696|"OLD_vt1_Karnainen_Opt"
18001|697|"OLD_vt25_Raaseporin_silta_Opt1"
18002|698|"OLD_vt25_Raaseporin_silta_Opt2"
18003|2103|"Espoo_Karakallio_1"
18004|2104|"Espoo_Puolarmetsä_1"
19901|699|"OLD_Hki_Vantaa_LA04LA"
19902|700|"OLD_Hki_Vantaa_LA04LB"
19903|701|"OLD_Hki_Vantaa_LA04LC"
19904|702|"OLD_Hki_Vantaa_LA04RA"
19905|703|"OLD_Hki_Vantaa_LA04RC"
19906|704|"Ivalo_LA04"
19907|705|"Ivalo_LA22"
19908|706|"Joensuu_LA10"
19909|707|"Joensuu_LA28"
19910|708|"Jyväskylä_LA12"
19911|709|"Jyväskylä_LA30"
19912|710|"Jyväskylä_LAMID_B"
19913|711|"Kemi_LA18"
19914|712|"Kemi_LA36"
19915|713|"Kajaani_LA07"
19916|714|"Kajaani_LA25"
19917|715|"Kokkola-Pietarsaari_LA01"
19918|716|"Kokkola-Pietarsaari_LA19"
19919|717|"Kuusamo_LA12"
19920|718|"Kuusamo_LA30"
19921|719|"Kuopio_LA15"
19922|720|"Kuopio_LA33"
19923|721|"Kuopio_LAMID"
19924|722|"Lappeenranta_LA06"
19925|723|"Lappeenranta_LA24"
19926|724|"Maarianhamina_LA03"
19927|725|"Maarianhamina_LA21"
19928|726|"Oulu_LA12"
19929|727|"Oulu_LA30"
19930|728|"Oulu_LAMID"
19931|729|"Pori_LA12"
19932|730|"Pori_LA30"
19933|731|"Rovaniemi_LA03_B"
19934|732|"Rovaniemi_LA21_B"
19935|733|"Rovaniemi_LAMID_B"
19936|734|"Tre_Pirkkala_LA06"
19937|735|"Tre_Pirkkala_LA24"
19938|736|"Tre_Pirkkala_LAMID"
19939|737|"Turku_LA08"
19940|738|"Turku_LA26"
19941|739|"Turku_LAMID"
19942|740|"Vaasa_LA16"
19943|741|"Vaasa_LA34"
19944|742|"Vaasa_LAMID"
19945|743|"Kittilä_LA16"
19946|744|"Kittilä_LA34"
19947|745|"Savonlinna_LA12"
19948|746|"Savonlinna_LA30"
19949|747|"OLD_Kauhava_LA17"
19950|748|"OLD_Kauhava_LA35"
19951|749|"OLD_Hki_Vantaa_LA15A"
19952|750|"OLD_Hki_Vantaa_LA15B"
19953|751|"OLD_Hki_Vantaa_LA15C"
19954|752|"OLD_Hki_Vantaa_LA15TWR"
19955|753|"OLD_Hki_Vantaa_LA0APR1"
19956|754|"Hki_Vantaa_LA04LA1"
19957|755|"Hki_Vantaa_LA04LA2"
19958|756|"Hki_Vantaa_LA04LB"
19959|757|"Hki_Vantaa_LA04LC1"
19960|758|"Hki_Vantaa_LA04LC2"
19961|759|"Hki_Vantaa_LA04RA"
19962|760|"Hki_Vantaa_LA04RB"
19963|761|"Hki_Vantaa_LA04RC"
19964|762|"Hki_Vantaa_LA15A"
19965|763|"Hki_Vantaa_LA15B"
19966|764|"Hki_Vantaa_LA15C"
19967|1041|"Kuopio_LA33_B"
19968|1042|"Tre_Pirkkala_LA06_B"
